% Model,cpm.mph
% Version,COMSOL 5.3.1.275
% Date,"Jun 28 2019, 18:49"
% Table,Probe Table 1 {tbl1} - 
% dp_bldg (Pa),c_in (mol/m^3),c_ads (mol/kg),m_ads (g),"alpha (1), Attenuation from source {avh1}",j_sides (mol/(m^2*s)),j_bottom (mol/(m^2*s)),j_ck (mol/(m^2*s)),j_d_sides (mol/(m^2*s)),j_d_bottom (mol/(m^2*s)),j_d_ck (mol/(m^2*s)),j_c_sides (mol/(m^2*s)),j_c_bottom (mol/(m^2*s)),j_c_ck (mol/(m^2*s))
15,2.22239690722277E-14,3.1312902704849673E-7,1.8143632082980703,5.430424265084827E-14,1.4501081914019792E-13,-1.5728256666259682E-14,1.212024297155011E-16,2.6032289964317475E-14,-7.274732027466098E-13,1.2157856228494302E-16,1.1897852917588059E-13,7.117449460803486E-13,3.7613256944301193E-19
10,1.956357788479749E-11,4.791598974147638E-7,2.776395714430458,4.780357987009745E-11,6.225126872535477E-13,-7.011801666997154E-14,1.0778241219840857E-13,9.535629133326891E-14,-1.202176231581123E-12,1.0800315517377418E-13,5.271563959202789E-13,1.1320582149111536E-12,2.207429753656592E-16
5,2.7677891105705193E-9,8.539917848401526E-7,4.948283744907492,6.763089481375485E-9,2.8035302874219825E-12,-3.7561756528848444E-13,1.5268406044210296E-11,4.993374019967971E-13,-2.114468939914999E-12,1.5284021409944562E-11,2.304192885425184E-12,1.7388513746265215E-12,1.561536573424657E-14
0,1.2808226459085998E-7,1.6488975301485733E-6,9.554205310042311,3.1296886496769267E-7,-2.494620493768875E-12,-2.5271674056025045E-12,7.073153179334379E-10,-2.494620493768875E-12,-2.5271674056025045E-12,7.073153179334379E-10,0,0,0
-5,7.184454440758678E-7,2.2151480380193096E-6,12.835230061547197,1.7555206092887907E-6,-6.154399384463053E-11,-8.858825202007208E-12,3.9740352618471415E-9,-2.0275413031954735E-11,-1.5115068527448901E-12,3.969981725568602E-9,-4.12685808126758E-11,-7.347318349262309E-12,4.053536278548368E-12
-10,1.276304531793846E-6,2.4352861524824276E-6,14.11077611804272,3.118648643078009E-6,-1.0778329672779948E-10,-1.5795086012119482E-11,7.072851534115368E-9,-2.1777651309482197E-11,-4.88472779030841E-13,7.0584491254539186E-9,-8.60056454183171E-11,-1.530661323308862E-11,1.440240866144172E-11
-15,1.64427250499237E-6,2.564738030034718E-6,14.860859002692079,4.0177779587898495E-6,-1.2048991458522158E-10,-2.206818202912171E-11,9.125562890986917E-9,-6.245883567067508E-12,5.896766901969478E-13,9.097730121265908E-9,-1.1424403101815401E-10,-2.265785871931866E-11,2.7832769720996473E-11
