% Model,cpm.mph
% Version,COMSOL 5.3.1.275
% Date,"Jun 28 2019, 09:26"
% Table,Probe Table 1 {tbl1} -
p,c,c_ads,m_ads,alpha
15,5.907042999276815E-14,3.202367616823949E-5,46.38868869948829,1.443385271727109E-13
10,2.1089745906363462E-11,4.907994842338701E-5,71.09597401742043,5.1532769660621855E-11
5,2.152640424622667E-9,8.874544890919269E-5,128.55441646727104,5.25997438076064E-9
-5,1.230010671220046E-7,2.28713228477914E-4,331.3082077640858,3.0055296484612517E-7
-10,2.1174714914566998E-7,2.498019342714933E-4,361.8567744868434,5.174039133361355E-7
-15,2.7525228445281207E-7,2.630237416529775E-4,381.009550809025,6.725786378007909E-7
